[
    {
        "localizedName": "Avast",
        "bundleIdentifiers": [
            "com.avast.av",
            "com.avast.AACM",
            "com.avast.Antivirus",
            "com.avast.Antivirus.SystemExtension",
        ],
        "urlSchemes": [
            "avastav"
        ]
    },
    {
        "localizedName": "Cloudflare WARP",
        "bundleIdentifiers": [
            "com.cloudflare.1dot1dot1dot1.macos"
        ],
        "urlSchemes": [
            "com.cloudflare.warp"
        ],
        "launchDaemonIdentifiers": [
            "com.cloudflare.1dot1dot1dot1.macos.warp.daemon",
        ],
    },
    {
        "localizedName": "FortiClient",
        "bundleIdentifiers": [
            "com.fortinet.forticlient.fabricagent",
            "com.fortinet.forticlient.fabricagent.packettunnel",
            "com.fortinet.forticlient.macos",
            "com.fortinet.forticlient.macos.webfilter"
        ],
        "urlSchemes": [
        ]
    },
    {
        "localizedName": "GlobalProtect",
        "bundleIdentifiers": [
            "com.paloaltonetworks.GlobalProtect.client",
            "com.paloaltonetworks.GlobalProtect.client.extension",
            "com.paloaltonetworks.kext.pangpd"
        ],
        "urlSchemes": [
        ]
    },
    {
        "localizedName": "TunnelBear",
        "bundleIdentifiers": [
            "com.tunnelbear.mac",
            "com.tunnelbear.mac.tbeard",
            "com.tunnelbear.mac.TunnelBear"
        ],
        "urlSchemes": [
            "tunnelbear"
        ]
    },
    {
        "localizedName": "Netskope",
        "bundleIdentifiers": [
            "com.netskope.client.Netskope-Client.NetskopeClientMacAppProxy"
        ],
        "urlSchemes": [
        ]
    },
    {
        "localizedName": "McAfee LiveSafe",
        "bundleIdentifiers": [
            "com.mcafee.mcafee",
            "com.mcafee.console"
        ],
        "urlSchemes": [
        ]
    },
    {
        "localizedName": "VMWare CarbonBlack",
        "bundleIdentifiers": [
            "com.vmware.carbonblack.cloud.se-agent",
            "com.vmware.carbonblack.cloud.se-agent.extension"
        ],
        "urlSchemes": [
        ]
    }
]
